,result,ratio(%)
0,1054,21.1011011011011
1,3941,78.89889889889889
total,4995,100.0
